level,x,y,grid_w,grid_h,visits,traces_touching,trace_share,mean_step_frac,pauses,pauses_per_trace,pause_rate,mean_pause_ms
tutorial,0,0,6,6,6363,6050,1.0,0.0,5858,0.9683,0.9206,11773.4
tutorial,0,1,6,6,6296,6050,1.0,0.4353,1196,0.1977,0.19,3247.7
tutorial,0,2,6,6,6184,6050,1.0,0.4472,594,0.0982,0.0961,9767.0
tutorial,0,3,6,6,6133,6050,1.0,0.4768,645,0.1066,0.1052,2769.2
tutorial,0,4,6,6,6297,6050,1.0,0.4728,865,0.143,0.1374,2478.3
tutorial,0,5,6,6,6078,6050,1.0,0.5209,998,0.165,0.1642,2166.7
tutorial,1,0,6,6,6227,6050,1.0,0.1045,1235,0.2041,0.1983,3625.5
tutorial,1,1,6,6,6336,6050,1.0,0.4925,489,0.0808,0.0772,2385.8
tutorial,1,2,6,6,6141,6050,1.0,0.7104,602,0.0995,0.098,2791.8
tutorial,1,3,6,6,6183,6050,1.0,0.7115,355,0.0587,0.0574,1763.9
tutorial,1,4,6,6,6327,6050,1.0,0.7331,910,0.1504,0.1438,2017.3
tutorial,1,5,6,6,6350,6050,1.0,0.5126,486,0.0803,0.0765,2451.2
tutorial,2,0,6,6,6151,6050,1.0,0.1481,485,0.0802,0.0788,2577.1
tutorial,2,1,6,6,6186,6050,1.0,0.5431,364,0.0602,0.0588,9253.4
tutorial,2,4,6,6,6115,6050,1.0,0.7755,259,0.0428,0.0424,2058.3
tutorial,2,5,6,6,6135,6050,1.0,0.5559,242,0.04,0.0394,1949.9
tutorial,3,0,6,6,6133,6050,1.0,0.1901,392,0.0648,0.0639,2481.6
tutorial,3,1,6,6,6195,6050,1.0,0.5492,243,0.0402,0.0392,2067.2
tutorial,3,4,6,6,6147,6050,1.0,0.7815,435,0.0719,0.0708,1982.9
tutorial,3,5,6,6,6144,6050,1.0,0.5498,271,0.0448,0.0441,1732.3
tutorial,4,0,6,6,6232,6050,1.0,0.2184,612,0.1012,0.0982,2080.2
tutorial,4,1,6,6,6450,6050,1.0,0.55,648,0.1071,0.1005,1846.9
tutorial,4,2,6,6,6106,6050,1.0,0.7664,349,0.0577,0.0572,1870.9
tutorial,4,3,6,6,6097,6050,1.0,0.7811,296,0.0489,0.0485,2161.4
tutorial,4,4,6,6,6379,6050,1.0,0.7499,555,0.0917,0.087,1694.2
tutorial,4,5,6,6,6266,6050,1.0,0.5295,325,0.0537,0.0519,1907.3
tutorial,5,0,6,6,6099,6050,1.0,0.2513,1628,0.2691,0.2669,2553.3
tutorial,5,1,6,6,6377,6050,1.0,0.271,907,0.1499,0.1422,2633.8
tutorial,5,2,6,6,6155,6050,1.0,0.4961,316,0.0522,0.0513,1748.1
tutorial,5,3,6,6,6150,6050,1.0,0.5076,232,0.0383,0.0377,1972.2
tutorial,5,4,6,6,6292,6050,1.0,0.5093,351,0.058,0.0558,2092.2
tutorial,5,5,6,6,6084,6050,1.0,0.5245,857,0.1417,0.1409,1776.1
round1,0,0,6,6,5863,5690,1.0,0.0,5509,0.9682,0.9396,80138.1
round1,0,1,6,6,5709,5690,1.0,0.5023,858,0.1508,0.1503,3020.7
round1,1,0,6,6,5838,5690,1.0,0.1291,1298,0.2281,0.2223,4892.4
round1,1,1,6,6,6530,5690,1.0,0.501,754,0.1325,0.1155,3631.3
round1,1,3,6,6,5722,5690,1.0,0.6073,1412,0.2482,0.2468,4120.3
round1,1,4,6,6,6063,5690,1.0,0.5736,1084,0.1905,0.1788,3269.9
round1,1,5,6,6,5739,5690,1.0,0.5631,1129,0.1984,0.1967,2758.1
round1,2,0,6,6,6336,5690,1.0,0.1663,1068,0.1877,0.1686,5193.8
round1,2,1,6,6,6783,5690,1.0,0.6457,1048,0.1842,0.1545,2819.6
round1,2,2,6,6,9931,5690,1.0,0.6188,1965,0.3453,0.1979,2708.0
round1,2,3,6,6,6627,5690,1.0,0.6094,1684,0.296,0.2541,2867.0
round1,2,4,6,6,6508,5690,1.0,0.583,916,0.161,0.1407,1958.0
round1,2,5,6,6,5910,5690,1.0,0.545,575,0.1011,0.0973,2359.1
round1,3,0,6,6,5850,5690,1.0,0.3517,376,0.0661,0.0643,2252.7
round1,3,2,6,6,5799,5690,1.0,0.8194,758,0.1332,0.1307,1694.8
round1,3,4,6,6,5782,5690,1.0,0.5889,1132,0.1989,0.1958,2694.7
round1,3,5,6,6,5907,5690,1.0,0.5164,998,0.1754,0.169,2539.2
round1,4,0,6,6,5887,5690,1.0,0.3715,1350,0.2373,0.2293,2803.0
round1,4,1,6,6,5868,5690,1.0,0.3913,1872,0.329,0.319,3579.5
round1,4,2,6,6,7793,5690,1.0,0.3874,1431,0.2515,0.1836,5422.7
round1,4,3,6,6,6245,5690,1.0,0.4676,1192,0.2095,0.1909,2744.2
round1,4,4,6,6,6390,5690,1.0,0.483,1678,0.2949,0.2626,3136.9
round1,4,5,6,6,5734,5690,1.0,0.503,1402,0.2464,0.2445,3734.9
round1,5,2,6,6,5741,5690,1.0,0.4518,1241,0.2181,0.2162,2631.0
round1,5,3,6,6,5723,5690,1.0,0.477,1012,0.1779,0.1768,1937.4
round2,0,0,8,8,5308,5307,1.0,0.0,4816,0.9075,0.9073,18780.9
round2,0,3,8,8,5829,5307,1.0,0.5455,1549,0.2919,0.2657,3098.4
round2,0,4,8,8,5886,5307,1.0,0.5689,722,0.136,0.1227,2765.5
round2,0,5,8,8,5850,5307,1.0,0.6132,1239,0.2335,0.2118,3269.1
round2,0,6,8,8,6056,5307,1.0,0.632,1286,0.2423,0.2124,2781.1
round2,0,7,8,8,5359,5307,1.0,0.6627,793,0.1494,0.148,2418.5
round2,1,0,8,8,5309,5307,1.0,0.0188,237,0.0447,0.0446,3133.2
round2,1,3,8,8,8387,5307,1.0,0.5123,1445,0.2723,0.1723,3450.4
round2,1,4,8,8,6265,5307,1.0,0.6424,775,0.146,0.1237,2229.0
round2,1,5,8,8,6403,5307,1.0,0.6529,414,0.078,0.0647,2190.1
round2,1,6,8,8,6572,5307,1.0,0.7069,912,0.1718,0.1388,2018.0
round2,1,7,8,8,5713,5307,1.0,0.6755,507,0.0955,0.0887,2003.2
round2,2,0,8,8,5309,5307,1.0,0.0377,158,0.0298,0.0298,2540.7
round2,2,2,8,8,5418,5307,1.0,0.4812,1074,0.2024,0.1982,2972.5
round2,2,3,8,8,8769,5307,1.0,0.4821,1239,0.2335,0.1413,3843.7
round2,2,6,8,8,6169,5307,1.0,0.7287,353,0.0665,0.0572,1817.1
round2,2,7,8,8,5460,5307,1.0,0.7173,339,0.0639,0.0621,1862.6
round2,3,0,8,8,5310,5307,1.0,0.0565,864,0.1628,0.1627,6864.4
round2,3,2,8,8,5839,5307,1.0,0.4581,553,0.1042,0.0947,2509.9
round2,3,3,8,8,6952,5307,1.0,0.5826,772,0.1455,0.111,2134.2
round2,3,4,8,8,5429,5307,1.0,0.6324,954,0.1798,0.1757,2267.8
round2,3,6,8,8,9067,5307,1.0,0.7379,655,0.1234,0.0722,1587.3
round2,3,7,8,8,5341,5307,1.0,0.7331,685,0.1291,0.1283,1720.7
round2,4,0,8,8,5375,5307,1.0,0.0754,984,0.1854,0.1831,8412.9
round2,4,1,8,8,5385,5307,1.0,0.3119,1797,0.3386,0.3337,16263.5
round2,4,2,8,8,6586,5307,1.0,0.3628,1057,0.1992,0.1605,2684.0
round2,4,3,8,8,5825,5307,1.0,0.6217,917,0.1728,0.1574,2641.7
round2,4,4,8,8,6165,5307,1.0,0.6106,761,0.1434,0.1234,2342.7
round2,4,6,8,8,5321,5307,1.0,0.767,689,0.1298,0.1295,2211.0
round2,5,0,8,8,5404,5307,1.0,0.1811,426,0.0803,0.0788,1827.8
round2,5,1,8,8,5444,5307,1.0,0.377,420,0.0791,0.0771,1784.5
round2,5,2,8,8,5571,5307,1.0,0.5581,661,0.1246,0.1187,2059.6
round2,5,3,8,8,6516,5307,1.0,0.5731,983,0.1852,0.1509,2354.3
round2,5,4,8,8,7112,5307,1.0,0.5705,854,0.1609,0.1201,1806.8
round2,5,5,8,8,5348,5307,1.0,0.5916,1133,0.2135,0.2119,2802.1
round2,6,0,8,8,5360,5307,1.0,0.1996,1230,0.2318,0.2295,3024.2
round2,6,1,8,8,5542,5307,1.0,0.2159,1288,0.2427,0.2324,3762.6
round2,6,2,8,8,5946,5307,1.0,0.3851,671,0.1264,0.1128,2275.5
round2,6,3,8,8,5716,5307,1.0,0.5562,1315,0.2478,0.2301,3334.8
round2,6,4,8,8,5709,5307,1.0,0.5649,779,0.1468,0.1365,2496.4
round2,6,5,8,8,5920,5307,1.0,0.5055,1257,0.2369,0.2123,3605.7
round2,6,6,8,8,5427,5307,1.0,0.5034,650,0.1225,0.1198,3413.4
round2,6,7,8,8,5329,5307,1.0,0.4977,635,0.1197,0.1192,2193.1
round2,7,2,8,8,5340,5307,1.0,0.4093,1077,0.2029,0.2017,2764.2
round2,7,3,8,8,5518,5307,1.0,0.419,442,0.0833,0.0801,2359.7
round2,7,4,8,8,5477,5307,1.0,0.4473,575,0.1083,0.105,2305.2
round2,7,5,8,8,5439,5307,1.0,0.4619,255,0.048,0.0469,2278.7
round2,7,6,8,8,5432,5307,1.0,0.4764,170,0.032,0.0313,1613.8
round2,7,7,8,8,5367,5307,1.0,0.4885,463,0.0872,0.0863,1648.3
bonus1,0,0,10,10,2187,2172,1.0,0.0,2047,0.9424,0.936,211524.5
bonus1,0,2,10,10,2212,2172,1.0,0.3831,584,0.2689,0.264,3834.7
bonus1,0,3,10,10,2358,2172,1.0,0.3752,431,0.1984,0.1828,3730.5
bonus1,0,4,10,10,2629,2172,1.0,0.4016,329,0.1515,0.1251,3730.0
bonus1,0,5,10,10,2272,2172,1.0,0.4399,269,0.1238,0.1184,8548.4
bonus1,0,6,10,10,2681,2172,1.0,0.4199,288,0.1326,0.1074,5434.1
bonus1,0,7,10,10,2293,2172,1.0,0.4301,200,0.0921,0.0872,2252.7
bonus1,0,8,10,10,2280,2172,1.0,0.4216,174,0.0801,0.0763,3240.2
bonus1,0,9,10,10,2186,2172,1.0,0.4288,372,0.1713,0.1702,3394.6
bonus1,1,0,10,10,2282,2172,1.0,0.0103,427,0.1966,0.1871,7603.8
bonus1,1,1,10,10,2681,2172,1.0,0.2628,420,0.1934,0.1567,2660.1
bonus1,1,2,10,10,2751,2172,1.0,0.373,288,0.1326,0.1047,2233.7
bonus1,1,3,10,10,2501,2172,1.0,0.4646,262,0.1206,0.1048,2608.1
bonus1,1,4,10,10,2291,2172,1.0,0.5232,184,0.0847,0.0803,5523.9
bonus1,1,6,10,10,2246,2172,1.0,0.5369,248,0.1142,0.1104,4847.0
bonus1,1,7,10,10,2328,2172,1.0,0.5342,234,0.1077,0.1005,2140.4
bonus1,1,8,10,10,2217,2172,1.0,0.5286,171,0.0787,0.0771,2621.4
bonus1,1,9,10,10,2268,2172,1.0,0.4307,151,0.0695,0.0666,2927.5
bonus1,2,0,10,10,2249,2172,1.0,0.2016,334,0.1538,0.1485,2759.0
bonus1,2,1,10,10,2692,2172,1.0,0.4408,268,0.1234,0.0996,2896.5
bonus1,2,3,10,10,2362,2172,1.0,0.5129,202,0.093,0.0855,2290.9
bonus1,2,4,10,10,2311,2172,1.0,0.565,137,0.0631,0.0593,2690.0
bonus1,2,6,10,10,2486,2172,1.0,0.5431,241,0.111,0.0969,3735.9
bonus1,2,7,10,10,2261,2172,1.0,0.5545,209,0.0962,0.0924,4233.8
bonus1,2,8,10,10,2268,2172,1.0,0.5506,184,0.0847,0.0811,2585.3
bonus1,2,9,10,10,2242,2172,1.0,0.4572,318,0.1464,0.1418,3844.6
bonus1,3,0,10,10,3278,2172,1.0,0.2071,383,0.1763,0.1168,2384.0
bonus1,3,1,10,10,2189,2172,1.0,0.4569,366,0.1685,0.1672,2618.5
bonus1,3,3,10,10,2588,2172,1.0,0.5123,387,0.1782,0.1495,4327.1
bonus1,3,4,10,10,2456,2172,1.0,0.559,312,0.1436,0.127,2155.1
bonus1,3,5,10,10,2476,2172,1.0,0.5727,408,0.1878,0.1648,2257.5
bonus1,3,6,10,10,2455,2172,1.0,0.5675,281,0.1294,0.1145,4572.0
bonus1,3,7,10,10,2854,2172,1.0,0.5408,263,0.1211,0.0922,2861.0
bonus1,3,8,10,10,2235,2172,1.0,0.5584,292,0.1344,0.1306,2415.4
bonus1,3,9,10,10,2807,2172,1.0,0.4547,346,0.1593,0.1233,3393.7
bonus1,4,0,10,10,2827,2172,1.0,0.2973,277,0.1275,0.098,3076.4
bonus1,4,2,10,10,2203,2172,1.0,0.5524,646,0.2974,0.2932,3012.3
bonus1,4,3,10,10,2689,2172,1.0,0.5139,409,0.1883,0.1521,2684.4
bonus1,4,5,10,10,2264,2172,1.0,0.6421,296,0.1363,0.1307,3207.5
bonus1,4,6,10,10,2393,2172,1.0,0.6326,254,0.1169,0.1061,2664.7
bonus1,4,7,10,10,2422,2172,1.0,0.5717,421,0.1938,0.1738,2581.7
bonus1,4,9,10,10,2262,2172,1.0,0.5092,174,0.0801,0.0769,2887.4
bonus1,5,0,10,10,3647,2172,1.0,0.2976,463,0.2132,0.127,3489.2
bonus1,5,1,10,10,2353,2172,1.0,0.5424,424,0.1952,0.1802,2296.9
bonus1,5,2,10,10,3767,2172,1.0,0.4904,480,0.221,0.1274,2264.3
bonus1,5,3,10,10,2614,2172,1.0,0.5714,376,0.1731,0.1438,2643.2
bonus1,5,4,10,10,2782,2172,1.0,0.5637,457,0.2104,0.1643,3484.9
bonus1,5,5,10,10,2723,2172,1.0,0.5751,316,0.1455,0.116,2549.0
bonus1,5,6,10,10,3081,2172,1.0,0.5816,345,0.1588,0.112,3378.9
bonus1,5,7,10,10,2980,2172,1.0,0.5479,409,0.1883,0.1372,2648.7
bonus1,5,8,10,10,2251,2172,1.0,0.5587,373,0.1717,0.1657,2304.7
bonus1,5,9,10,10,2798,2172,1.0,0.4741,340,0.1565,0.1215,2608.7
bonus1,6,0,10,10,2422,2172,1.0,0.3358,204,0.0939,0.0842,4509.3
bonus1,6,2,10,10,2870,2172,1.0,0.543,446,0.2053,0.1554,2356.6
bonus1,6,3,10,10,2354,2172,1.0,0.5889,383,0.1763,0.1627,2530.8
bonus1,6,4,10,10,2863,2172,1.0,0.5697,464,0.2136,0.1621,3107.5
bonus1,6,6,10,10,2268,2172,1.0,0.6161,407,0.1874,0.1795,2094.2
bonus1,6,7,10,10,3512,2172,1.0,0.5009,471,0.2169,0.1341,2638.9
bonus1,6,8,10,10,2417,2172,1.0,0.4854,333,0.1533,0.1378,2408.9
bonus1,6,9,10,10,2221,2172,1.0,0.4864,409,0.1883,0.1842,2286.6
bonus1,7,0,10,10,2552,2172,1.0,0.3385,187,0.0861,0.0733,2549.9
bonus1,7,1,10,10,2192,2172,1.0,0.5073,454,0.209,0.2071,19864.0
bonus1,7,2,10,10,2839,2172,1.0,0.4926,308,0.1418,0.1085,2250.2
bonus1,7,4,10,10,3487,2172,1.0,0.5546,455,0.2095,0.1305,2307.8
bonus1,7,5,10,10,2193,2172,1.0,0.6376,438,0.2017,0.1997,3123.8
bonus1,7,7,10,10,2494,2172,1.0,0.5562,503,0.2316,0.2017,2844.2
bonus1,8,0,10,10,2305,2172,1.0,0.3427,162,0.0746,0.0703,2205.8
bonus1,8,1,10,10,2263,2172,1.0,0.4988,171,0.0787,0.0756,1919.5
bonus1,8,2,10,10,2244,2172,1.0,0.5334,216,0.0994,0.0963,2126.6
bonus1,8,4,10,10,2315,2172,1.0,0.5686,457,0.2104,0.1974,2243.6
bonus1,8,5,10,10,3244,2172,1.0,0.5638,386,0.1777,0.119,2166.8
bonus1,8,6,10,10,2445,2172,1.0,0.5685,439,0.2021,0.1796,2590.4
bonus1,8,7,10,10,3170,2172,1.0,0.458,431,0.1984,0.136,9260.7
bonus1,8,8,10,10,4310,2172,1.0,0.4671,318,0.1464,0.0738,1983.9
bonus1,8,9,10,10,2175,2172,1.0,0.5018,286,0.1317,0.1315,2072.8
bonus1,9,0,10,10,2211,2172,1.0,0.3484,506,0.233,0.2289,3051.6
bonus1,9,1,10,10,2311,2172,1.0,0.3528,317,0.1459,0.1372,2684.9
bonus1,9,2,10,10,2644,2172,1.0,0.3969,306,0.1409,0.1157,2620.1
bonus1,9,3,10,10,2416,2172,1.0,0.4426,235,0.1082,0.0973,3422.6
bonus1,9,4,10,10,2901,2172,1.0,0.4296,340,0.1565,0.1172,4052.7
bonus1,9,5,10,10,2304,2172,1.0,0.4589,253,0.1165,0.1098,3327.6
bonus1,9,6,10,10,2301,2172,1.0,0.453,300,0.1381,0.1304,4882.1
bonus1,9,7,10,10,2291,2172,1.0,0.4631,203,0.0935,0.0886,3968.7
bonus1,9,8,10,10,2207,2172,1.0,0.4715,470,0.2164,0.213,2187.2
bonus2,0,0,12,12,1946,1868,1.0,0.0,1769,0.947,0.909,10552.7
bonus2,0,1,12,12,1907,1868,1.0,0.0317,324,0.1734,0.1699,3096.6
bonus2,0,2,12,12,1935,1868,1.0,0.0396,166,0.0889,0.0858,2711.5
bonus2,0,3,12,12,1917,1868,1.0,0.0634,391,0.2093,0.204,20167.5
bonus2,0,4,12,12,1949,1868,1.0,0.0718,304,0.1627,0.156,4415.7
bonus2,0,5,12,12,1931,1868,1.0,0.118,209,0.1119,0.1082,2968.0
bonus2,0,6,12,12,2023,1868,1.0,0.1263,213,0.114,0.1053,3507.2
bonus2,0,7,12,12,2090,1868,1.0,0.1445,125,0.0669,0.0598,2098.8
bonus2,0,8,12,12,1896,1868,1.0,0.1648,44,0.0236,0.0232,2802.5
bonus2,0,9,12,12,1914,1868,1.0,0.1715,21,0.0112,0.011,2176.0
bonus2,0,10,12,12,1917,1868,1.0,0.178,39,0.0209,0.0203,1728.1
bonus2,0,11,12,12,1910,1868,1.0,0.1844,304,0.1627,0.1592,2211.8
bonus2,1,0,12,12,1890,1868,1.0,0.2577,333,0.1783,0.1762,2364.2
bonus2,1,1,12,12,2492,1868,1.0,0.2673,197,0.1055,0.0791,1603.4
bonus2,1,2,12,12,2600,1868,1.0,0.311,198,0.106,0.0762,1643.9
bonus2,1,3,12,12,2024,1868,1.0,0.3292,138,0.0739,0.0682,2065.4
bonus2,1,4,12,12,2074,1868,1.0,0.3743,212,0.1135,0.1022,2681.5
bonus2,1,5,12,12,2075,1868,1.0,0.3754,268,0.1435,0.1292,2409.0
bonus2,1,6,12,12,3122,1868,1.0,0.3729,276,0.1478,0.0884,2425.1
bonus2,1,7,12,12,1877,1868,1.0,0.4192,170,0.091,0.0906,1973.6
bonus2,1,11,12,12,1904,1868,1.0,0.1925,230,0.1231,0.1208,3859.8
bonus2,2,2,12,12,1897,1868,1.0,0.3726,218,0.1167,0.1149,2181.2
bonus2,2,3,12,12,2083,1868,1.0,0.3749,224,0.1199,0.1075,3101.5
bonus2,2,4,12,12,2443,1868,1.0,0.4395,337,0.1804,0.1379,2893.6
bonus2,2,5,12,12,2034,1868,1.0,0.4571,286,0.1531,0.1406,3008.1
bonus2,2,6,12,12,2098,1868,1.0,0.4651,246,0.1317,0.1173,2645.3
bonus2,2,9,12,12,1900,1868,1.0,0.2375,369,0.1975,0.1942,2960.1
bonus2,2,10,12,12,1938,1868,1.0,0.2299,133,0.0712,0.0686,1827.8
bonus2,2,11,12,12,2019,1868,1.0,0.1976,354,0.1895,0.1753,2027.4
bonus2,3,1,12,12,1869,1868,1.0,0.8078,253,0.1354,0.1354,2454.6
bonus2,3,4,12,12,2291,1868,1.0,0.5306,372,0.1991,0.1624,2937.3
bonus2,3,5,12,12,2055,1868,1.0,0.5257,227,0.1215,0.1105,2264.1
bonus2,3,6,12,12,2169,1868,1.0,0.494,185,0.099,0.0853,2560.6
bonus2,3,8,12,12,1935,1868,1.0,0.3425,577,0.3089,0.2982,3548.6
bonus2,3,9,12,12,2475,1868,1.0,0.2272,521,0.2789,0.2105,3230.2
bonus2,3,10,12,12,2148,1868,1.0,0.2211,128,0.0685,0.0596,1480.8
bonus2,3,11,12,12,1888,1868,1.0,0.2163,221,0.1183,0.1171,1797.1
bonus2,4,1,12,12,2783,1868,1.0,0.8002,67,0.0359,0.0241,1587.5
bonus2,4,3,12,12,1913,1868,1.0,0.6217,321,0.1718,0.1678,2263.9
bonus2,4,4,12,12,2724,1868,1.0,0.5745,272,0.1456,0.0999,2130.6
bonus2,4,5,12,12,2054,1868,1.0,0.5852,246,0.1317,0.1198,2233.8
bonus2,4,6,12,12,2433,1868,1.0,0.5043,239,0.1279,0.0982,3324.1
bonus2,4,7,12,12,2007,1868,1.0,0.4831,392,0.2099,0.1953,2386.8
bonus2,4,8,12,12,2753,1868,1.0,0.3423,334,0.1788,0.1213,2302.8
bonus2,4,9,12,12,1973,1868,1.0,0.2903,297,0.159,0.1505,2211.8
bonus2,5,0,12,12,2813,1868,1.0,0.7834,260,0.1392,0.0924,1696.0
bonus2,5,1,12,12,2788,1868,1.0,0.7925,157,0.084,0.0563,1421.1
bonus2,5,3,12,12,2191,1868,1.0,0.6264,260,0.1392,0.1187,2324.8
bonus2,5,4,12,12,2041,1868,1.0,0.6536,238,0.1274,0.1166,2453.0
bonus2,5,5,12,12,2179,1868,1.0,0.5954,193,0.1033,0.0886,2330.4
bonus2,5,6,12,12,2033,1868,1.0,0.5829,199,0.1065,0.0979,3882.9
bonus2,5,7,12,12,1983,1868,1.0,0.5322,184,0.0985,0.0928,2623.4
bonus2,5,8,12,12,1985,1868,1.0,0.4647,310,0.166,0.1562,2898.3
bonus2,5,9,12,12,2098,1868,1.0,0.3033,289,0.1547,0.1378,2451.7
bonus2,6,0,12,12,2838,1868,1.0,0.7755,132,0.0707,0.0465,1778.8
bonus2,6,2,12,12,1896,1868,1.0,0.7225,403,0.2157,0.2126,2135.6
bonus2,6,3,12,12,2477,1868,1.0,0.6669,252,0.1349,0.1017,2201.1
bonus2,6,4,12,12,2069,1868,1.0,0.6883,224,0.1199,0.1083,2628.5
bonus2,6,5,12,12,2005,1868,1.0,0.655,219,0.1172,0.1092,2661.5
bonus2,6,6,12,12,2031,1868,1.0,0.6106,168,0.0899,0.0827,2023.4
bonus2,6,7,12,12,1979,1868,1.0,0.5769,98,0.0525,0.0495,2274.3
bonus2,6,8,12,12,1956,1868,1.0,0.4983,142,0.076,0.0726,2441.9
bonus2,6,9,12,12,2034,1868,1.0,0.3235,128,0.0685,0.0629,38313.5
bonus2,6,10,12,12,2012,1868,1.0,0.3349,102,0.0546,0.0507,2144.8
bonus2,6,11,12,12,1878,1868,1.0,0.342,225,0.1204,0.1198,2900.0
bonus2,7,0,12,12,3064,1868,1.0,0.7541,285,0.1526,0.093,2819.6
bonus2,7,1,12,12,2603,1868,1.0,0.7449,267,0.1429,0.1026,2427.2
bonus2,7,2,12,12,2799,1868,1.0,0.6958,287,0.1536,0.1025,2230.7
bonus2,7,3,12,12,2129,1868,1.0,0.7026,314,0.1681,0.1475,10210.5
bonus2,7,4,12,12,2213,1868,1.0,0.6685,213,0.114,0.0962,2105.4
bonus2,7,5,12,12,2096,1868,1.0,0.6315,253,0.1354,0.1207,4537.7
bonus2,7,6,12,12,2053,1868,1.0,0.6019,163,0.0873,0.0794,2484.3
bonus2,7,7,12,12,1969,1868,1.0,0.5777,148,0.0792,0.0752,3004.2
bonus2,7,8,12,12,1986,1868,1.0,0.5137,190,0.1017,0.0957,2612.9
bonus2,7,9,12,12,1943,1868,1.0,0.456,158,0.0846,0.0813,2455.5
bonus2,7,10,12,12,1968,1868,1.0,0.4404,127,0.068,0.0645,1831.4
bonus2,7,11,12,12,1943,1868,1.0,0.3475,105,0.0562,0.054,2700.0
bonus2,8,0,12,12,2180,1868,1.0,0.7379,239,0.1279,0.1096,2983.4
bonus2,8,1,12,12,2097,1868,1.0,0.7586,340,0.182,0.1621,2997.4
bonus2,8,2,12,12,2617,1868,1.0,0.6684,373,0.1997,0.1425,2036.7
bonus2,8,3,12,12,2127,1868,1.0,0.6572,435,0.2329,0.2045,4686.7
bonus2,8,4,12,12,2024,1868,1.0,0.6419,284,0.152,0.1403,2793.6
bonus2,8,5,12,12,2632,1868,1.0,0.5639,268,0.1435,0.1018,2806.1
bonus2,8,6,12,12,1996,1868,1.0,0.5929,151,0.0808,0.0757,2592.6
bonus2,8,7,12,12,1959,1868,1.0,0.5769,81,0.0434,0.0413,2014.7
bonus2,8,8,12,12,1922,1868,1.0,0.5237,84,0.045,0.0437,2241.6
bonus2,8,9,12,12,1944,1868,1.0,0.4716,62,0.0332,0.0319,2052.6
bonus2,8,10,12,12,1909,1868,1.0,0.4508,60,0.0321,0.0314,1533.8
bonus2,8,11,12,12,1903,1868,1.0,0.3581,66,0.0353,0.0347,1742.6
bonus2,9,0,12,12,2016,1868,1.0,0.7368,139,0.0744,0.0689,2255.9
bonus2,9,1,12,12,2062,1868,1.0,0.7505,155,0.083,0.0752,2026.1
bonus2,9,2,12,12,2085,1868,1.0,0.688,219,0.1172,0.105,1878.0
bonus2,9,5,12,12,2349,1868,1.0,0.5659,261,0.1397,0.1111,4014.3
bonus2,9,6,12,12,1945,1868,1.0,0.5774,112,0.06,0.0576,2178.9
bonus2,9,7,12,12,1900,1868,1.0,0.5719,83,0.0444,0.0437,2444.8
bonus2,9,8,12,12,1920,1868,1.0,0.5113,87,0.0466,0.0453,2240.1
bonus2,9,9,12,12,1895,1868,1.0,0.4757,77,0.0412,0.0406,1736.6
bonus2,9,10,12,12,1887,1868,1.0,0.4449,55,0.0294,0.0291,1706.7
bonus2,9,11,12,12,1895,1868,1.0,0.3649,59,0.0316,0.0311,1768.9
bonus2,10,0,12,12,2079,1868,1.0,0.723,127,0.068,0.0611,3181.3
bonus2,10,1,12,12,1964,1868,1.0,0.7442,150,0.0803,0.0764,1714.3
bonus2,10,2,12,12,2225,1868,1.0,0.6904,116,0.0621,0.0521,2019.9
bonus2,10,3,12,12,1877,1868,1.0,0.7015,153,0.0819,0.0815,1524.0
bonus2,10,5,12,12,2361,1868,1.0,0.5459,132,0.0707,0.0559,2670.6
bonus2,10,6,12,12,1934,1868,1.0,0.5628,108,0.0578,0.0558,1954.3
bonus2,10,7,12,12,1915,1868,1.0,0.5524,70,0.0375,0.0366,2012.4
bonus2,10,8,12,12,1916,1868,1.0,0.4909,73,0.0391,0.0381,2613.3
bonus2,10,9,12,12,1919,1868,1.0,0.4645,61,0.0327,0.0318,1924.6
bonus2,10,10,12,12,1900,1868,1.0,0.4417,67,0.0359,0.0353,1679.9
bonus2,10,11,12,12,1905,1868,1.0,0.3721,63,0.0337,0.0331,1457.2
bonus2,11,0,12,12,1892,1868,1.0,0.7194,291,0.1558,0.1538,2245.6
bonus2,11,1,12,12,1955,1868,1.0,0.7093,266,0.1424,0.1361,2635.2
bonus2,11,2,12,12,1978,1868,1.0,0.7049,205,0.1097,0.1036,2799.4
bonus2,11,3,12,12,1898,1868,1.0,0.7046,126,0.0675,0.0664,1446.2
bonus2,11,5,12,12,1887,1868,1.0,0.5452,250,0.1338,0.1325,1957.6
bonus2,11,6,12,12,1973,1868,1.0,0.4972,224,0.1199,0.1135,1970.1
bonus2,11,7,12,12,1920,1868,1.0,0.493,202,0.1081,0.1052,2865.7
bonus2,11,8,12,12,1916,1868,1.0,0.4248,242,0.1296,0.1263,5646.2
bonus2,11,9,12,12,1967,1868,1.0,0.4148,227,0.1215,0.1154,2700.6
bonus2,11,10,12,12,1978,1868,1.0,0.381,115,0.0616,0.0581,2578.7
bonus2,11,11,12,12,1886,1868,1.0,0.3779,226,0.121,0.1198,1884.2
bonus3,0,0,14,14,1707,1699,1.0,0.0,1556,0.9158,0.9115,329025.6
bonus3,0,2,14,14,1725,1699,1.0,0.3725,349,0.2054,0.2023,5595.2
bonus3,0,3,14,14,1806,1699,1.0,0.3807,179,0.1054,0.0991,2456.8
bonus3,0,4,14,14,1747,1699,1.0,0.4262,137,0.0806,0.0784,3190.2
bonus3,0,5,14,14,1769,1699,1.0,0.4353,147,0.0865,0.0831,2626.7
bonus3,0,6,14,14,1755,1699,1.0,0.4644,117,0.0689,0.0667,3044.9
bonus3,0,7,14,14,1780,1699,1.0,0.4782,101,0.0594,0.0567,3393.9
bonus3,0,8,14,14,1783,1699,1.0,0.486,153,0.0901,0.0858,3115.5
bonus3,0,9,14,14,1836,1699,1.0,0.4895,154,0.0906,0.0839,2875.4
bonus3,0,10,14,14,1868,1699,1.0,0.5005,233,0.1371,0.1247,2461.9
bonus3,0,11,14,14,3380,1699,1.0,0.4931,325,0.1913,0.0962,2299.2
bonus3,0,12,14,14,3057,1699,1.0,0.5102,107,0.063,0.035,28898.9
bonus3,0,13,14,14,3025,1699,1.0,0.5163,238,0.1401,0.0787,1478.7
bonus3,1,0,14,14,1764,1699,1.0,0.0052,236,0.1389,0.1338,36601.5
bonus3,1,1,14,14,1758,1699,1.0,0.3134,337,0.1984,0.1917,4285.2
bonus3,1,2,14,14,2237,1699,1.0,0.3598,164,0.0965,0.0733,1836.3
bonus3,1,3,14,14,1779,1699,1.0,0.4877,221,0.1301,0.1242,1992.6
bonus3,1,4,14,14,1766,1699,1.0,0.534,99,0.0583,0.0561,2057.5
bonus3,1,5,14,14,1791,1699,1.0,0.5433,74,0.0436,0.0413,1760.2
bonus3,1,6,14,14,1911,1699,1.0,0.5636,121,0.0712,0.0633,2081.0
bonus3,1,7,14,14,1735,1699,1.0,0.584,194,0.1142,0.1118,2327.3
bonus3,1,8,14,14,1905,1699,1.0,0.5734,119,0.07,0.0625,2123.8
bonus3,1,9,14,14,1801,1699,1.0,0.5769,129,0.0759,0.0716,2005.2
bonus3,1,10,14,14,1853,1699,1.0,0.5754,172,0.1012,0.0928,2156.3
bonus3,1,11,14,14,2163,1699,1.0,0.4863,247,0.1454,0.1142,2400.7
bonus3,1,13,14,14,1702,1699,1.0,0.525,220,0.1295,0.1293,1727.9
bonus3,2,0,14,14,1732,1699,1.0,0.0639,96,0.0565,0.0554,2402.2
bonus3,2,1,14,14,1779,1699,1.0,0.366,96,0.0565,0.054,4293.3
bonus3,2,2,14,14,1777,1699,1.0,0.4973,203,0.1195,0.1142,2145.9
bonus3,2,3,14,14,1897,1699,1.0,0.5142,162,0.0954,0.0854,1891.5
bonus3,2,4,14,14,1744,1699,1.0,0.6176,157,0.0924,0.09,2229.8
bonus3,2,5,14,14,1805,1699,1.0,0.6255,173,0.1018,0.0958,1953.1
bonus3,2,6,14,14,1757,1699,1.0,0.6474,188,0.1107,0.107,2506.9
bonus3,2,8,14,14,1766,1699,1.0,0.6553,201,0.1183,0.1138,1975.3
bonus3,2,9,14,14,1772,1699,1.0,0.6458,125,0.0736,0.0705,1898.0
bonus3,2,10,14,14,1818,1699,1.0,0.6057,170,0.1001,0.0935,2281.2
bonus3,2,11,14,14,2356,1699,1.0,0.4547,254,0.1495,0.1078,3320.9
bonus3,2,12,14,14,1729,1699,1.0,0.4698,403,0.2372,0.2331,4722.4
bonus3,3,0,14,14,1747,1699,1.0,0.0715,62,0.0365,0.0355,3356.3
bonus3,3,1,14,14,1770,1699,1.0,0.3913,102,0.06,0.0576,3227.4
bonus3,3,2,14,14,1827,1699,1.0,0.5231,183,0.1077,0.1002,2605.0
bonus3,3,3,14,14,1872,1699,1.0,0.5724,195,0.1148,0.1042,2093.9
bonus3,3,4,14,14,1888,1699,1.0,0.6191,195,0.1148,0.1033,2265.3
bonus3,3,5,14,14,1930,1699,1.0,0.6289,199,0.1171,0.1031,3312.2
bonus3,3,6,14,14,1985,1699,1.0,0.6467,163,0.0959,0.0821,2134.1
bonus3,3,7,14,14,1791,1699,1.0,0.6699,226,0.133,0.1262,1841.4
bonus3,3,8,14,14,2044,1699,1.0,0.6453,137,0.0806,0.067,1912.7
bonus3,3,9,14,14,1799,1699,1.0,0.6692,167,0.0983,0.0928,2765.5
bonus3,3,10,14,14,1836,1699,1.0,0.6121,152,0.0895,0.0828,2246.4
bonus3,3,11,14,14,1917,1699,1.0,0.5446,220,0.1295,0.1148,1818.9
bonus3,3,12,14,14,1924,1699,1.0,0.4486,230,0.1354,0.1195,2639.0
bonus3,3,13,14,14,1806,1699,1.0,0.451,281,0.1654,0.1556,2090.1
bonus3,4,0,14,14,1723,1699,1.0,0.088,69,0.0406,0.04,2240.7
bonus3,4,1,14,14,1915,1699,1.0,0.3995,124,0.073,0.0648,2403.1
bonus3,4,2,14,14,1729,1699,1.0,0.5421,328,0.1931,0.1897,2137.3
bonus3,4,3,14,14,2071,1699,1.0,0.5351,214,0.126,0.1033,1745.2
bonus3,4,5,14,14,1877,1699,1.0,0.6599,235,0.1383,0.1252,2608.6
bonus3,4,6,14,14,1800,1699,1.0,0.713,154,0.0906,0.0856,2285.7
bonus3,4,7,14,14,1798,1699,1.0,0.7158,159,0.0936,0.0884,2709.9
bonus3,4,8,14,14,1819,1699,1.0,0.7061,159,0.0936,0.0874,2324.8
bonus3,4,9,14,14,1871,1699,1.0,0.6776,126,0.0742,0.0673,1874.5
bonus3,4,10,14,14,1793,1699,1.0,0.6622,161,0.0948,0.0898,2609.4
bonus3,4,11,14,14,1848,1699,1.0,0.555,146,0.0859,0.079,2306.2
bonus3,4,13,14,14,1773,1699,1.0,0.4523,92,0.0541,0.0519,2238.9
bonus3,5,0,14,14,1729,1699,1.0,0.0959,50,0.0294,0.0289,1966.7
bonus3,5,1,14,14,1820,1699,1.0,0.4087,110,0.0647,0.0604,3914.6
bonus3,5,3,14,14,1951,1699,1.0,0.563,189,0.1112,0.0969,2070.6
bonus3,5,4,14,14,1763,1699,1.0,0.6436,256,0.1507,0.1452,2605.8
bonus3,5,5,14,14,2452,1699,1.0,0.6344,222,0.1307,0.0905,5017.0
bonus3,5,6,14,14,1790,1699,1.0,0.7233,232,0.1366,0.1296,1960.3
bonus3,5,7,14,14,2115,1699,1.0,0.706,180,0.1059,0.0851,1937.7
bonus3,5,8,14,14,1845,1699,1.0,0.7146,168,0.0989,0.0911,3492.9
bonus3,5,9,14,14,1853,1699,1.0,0.7008,143,0.0842,0.0772,2526.2
bonus3,5,10,14,14,1874,1699,1.0,0.6605,138,0.0812,0.0736,2198.6
bonus3,5,11,14,14,2887,1699,1.0,0.5256,196,0.1154,0.0679,2112.1
bonus3,5,12,14,14,1753,1699,1.0,0.5627,188,0.1107,0.1072,1702.6
bonus3,5,13,14,14,2414,1699,1.0,0.4382,237,0.1395,0.0982,2402.1
bonus3,6,0,14,14,1789,1699,1.0,0.1042,85,0.05,0.0475,2482.6
bonus3,6,1,14,14,1776,1699,1.0,0.4093,165,0.0971,0.0929,2676.2
bonus3,6,2,14,14,1804,1699,1.0,0.4346,224,0.1318,0.1242,2559.9
bonus3,6,3,14,14,1883,1699,1.0,0.5487,160,0.0942,0.085,2095.6
bonus3,6,4,14,14,1809,1699,1.0,0.6579,179,0.1054,0.0989,1869.3
bonus3,6,5,14,14,1825,1699,1.0,0.6928,228,0.1342,0.1249,2379.4
bonus3,6,7,14,14,1800,1699,1.0,0.7235,193,0.1136,0.1072,2208.4
bonus3,6,8,14,14,1853,1699,1.0,0.7157,128,0.0753,0.0691,2213.4
bonus3,6,9,14,14,1770,1699,1.0,0.7034,91,0.0536,0.0514,2263.0
bonus3,6,10,14,14,1820,1699,1.0,0.6549,136,0.08,0.0747,3516.9
bonus3,6,11,14,14,1868,1699,1.0,0.5505,226,0.133,0.121,2569.3
bonus3,6,13,14,14,1782,1699,1.0,0.4561,149,0.0877,0.0836,6100.4
bonus3,7,0,14,14,1762,1699,1.0,0.1253,50,0.0294,0.0284,2144.8
bonus3,7,2,14,14,1769,1699,1.0,0.435,146,0.0859,0.0825,2224.9
bonus3,7,3,14,14,1797,1699,1.0,0.5672,165,0.0971,0.0918,2562.7
bonus3,7,4,14,14,1823,1699,1.0,0.643,142,0.0836,0.0779,2588.4
bonus3,7,5,14,14,2618,1699,1.0,0.6657,255,0.1501,0.0974,2182.7
bonus3,7,6,14,14,1749,1699,1.0,0.7264,222,0.1307,0.1269,1932.1
bonus3,7,7,14,14,2658,1699,1.0,0.6746,224,0.1318,0.0843,1945.6
bonus3,7,8,14,14,1838,1699,1.0,0.7067,175,0.103,0.0952,2171.8
bonus3,7,9,14,14,1915,1699,1.0,0.6772,130,0.0765,0.0679,2408.1
bonus3,7,10,14,14,1830,1699,1.0,0.6492,161,0.0948,0.088,2537.8
bonus3,7,11,14,14,2549,1699,1.0,0.5134,208,0.1224,0.0816,1789.1
bonus3,7,12,14,14,1753,1699,1.0,0.5188,265,0.156,0.1512,2346.0
bonus3,7,13,14,14,2174,1699,1.0,0.4166,336,0.1978,0.1546,2789.2
bonus3,8,0,14,14,1777,1699,1.0,0.1297,72,0.0424,0.0405,3580.6
bonus3,8,2,14,14,1755,1699,1.0,0.4311,140,0.0824,0.0798,2026.2
bonus3,8,3,14,14,1797,1699,1.0,0.5516,118,0.0695,0.0657,2541.0
bonus3,8,4,14,14,1769,1699,1.0,0.6449,143,0.0842,0.0808,2244.5
bonus3,8,5,14,14,1811,1699,1.0,0.6784,211,0.1242,0.1165,2551.7
bonus3,8,7,14,14,1795,1699,1.0,0.6931,215,0.1265,0.1198,2005.7
bonus3,8,8,14,14,1863,1699,1.0,0.6625,148,0.0871,0.0794,2127.1
bonus3,8,9,14,14,1787,1699,1.0,0.6651,179,0.1054,0.1002,2408.5
bonus3,8,10,14,14,1914,1699,1.0,0.587,169,0.0995,0.0883,2278.5
bonus3,8,11,14,14,1787,1699,1.0,0.5315,268,0.1577,0.15,2563.7
bonus3,8,12,14,14,2237,1699,1.0,0.4073,324,0.1907,0.1448,2696.0
bonus3,8,13,14,14,1717,1699,1.0,0.4172,418,0.246,0.2434,2791.4
bonus3,9,0,14,14,1830,1699,1.0,0.1318,101,0.0594,0.0552,4296.2
bonus3,9,1,14,14,1725,1699,1.0,0.3435,418,0.246,0.2423,2736.4
bonus3,9,2,14,14,2107,1699,1.0,0.3616,205,0.1207,0.0973,2280.0
bonus3,9,3,14,14,1796,1699,1.0,0.5221,207,0.1218,0.1153,2095.4
bonus3,9,4,14,14,1793,1699,1.0,0.5949,152,0.0895,0.0848,2183.0
bonus3,9,5,14,14,1979,1699,1.0,0.6302,146,0.0859,0.0738,1813.3
bonus3,9,6,14,14,1766,1699,1.0,0.6528,207,0.1218,0.1172,2026.5
bonus3,9,7,14,14,1946,1699,1.0,0.6425,152,0.0895,0.0781,2492.4
bonus3,9,8,14,14,1832,1699,1.0,0.6305,200,0.1177,0.1092,3032.0
bonus3,9,9,14,14,2062,1699,1.0,0.5425,217,0.1277,0.1052,9355.4
bonus3,9,10,14,14,1771,1699,1.0,0.554,271,0.1595,0.153,2033.9
bonus3,9,11,14,14,2167,1699,1.0,0.4507,273,0.1607,0.126,2256.6
bonus3,9,12,14,14,1873,1699,1.0,0.4092,381,0.2242,0.2034,31999.5
bonus3,10,0,14,14,1741,1699,1.0,0.1424,62,0.0365,0.0356,2393.7
bonus3,10,1,14,14,1782,1699,1.0,0.338,173,0.1018,0.0971,2108.4
bonus3,10,2,14,14,1747,1699,1.0,0.4517,225,0.1324,0.1288,2365.1
bonus3,10,3,14,14,2079,1699,1.0,0.4937,148,0.0871,0.0712,1931.3
bonus3,10,4,14,14,1792,1699,1.0,0.5595,181,0.1065,0.101,2187.3
bonus3,10,5,14,14,2109,1699,1.0,0.5832,188,0.1107,0.0891,2356.0
bonus3,10,6,14,14,1763,1699,1.0,0.6132,116,0.0683,0.0658,2052.5
bonus3,10,7,14,14,1789,1699,1.0,0.6148,137,0.0806,0.0766,1647.8
bonus3,10,8,14,14,1782,1699,1.0,0.6165,163,0.0959,0.0915,2184.5
bonus3,10,9,14,14,1873,1699,1.0,0.5467,130,0.0765,0.0694,1851.2
bonus3,10,11,14,14,1826,1699,1.0,0.4437,313,0.1842,0.1714,3916.9
bonus3,10,12,14,14,2058,1699,1.0,0.3851,184,0.1083,0.0894,2266.2
bonus3,10,13,14,14,1722,1699,1.0,0.3854,224,0.1318,0.1301,1999.7
bonus3,11,0,14,14,1760,1699,1.0,0.1452,89,0.0524,0.0506,1953.5
bonus3,11,1,14,14,1758,1699,1.0,0.3341,171,0.1006,0.0973,2036.4
bonus3,11,2,14,14,1819,1699,1.0,0.3991,156,0.0918,0.0858,1907.1
bonus3,11,3,14,14,1795,1699,1.0,0.4567,225,0.1324,0.1253,1887.8
bonus3,11,4,14,14,2001,1699,1.0,0.4711,206,0.1212,0.1029,2317.9
bonus3,11,5,14,14,1743,1699,1.0,0.5572,177,0.1042,0.1015,2221.2
bonus3,11,6,14,14,1884,1699,1.0,0.5163,179,0.1054,0.095,2196.8
bonus3,11,7,14,14,1786,1699,1.0,0.5269,156,0.0918,0.0873,2528.6
bonus3,11,8,14,14,1801,1699,1.0,0.5295,158,0.093,0.0877,2271.0
bonus3,11,9,14,14,1782,1699,1.0,0.5311,201,0.1183,0.1128,2722.0
bonus3,11,11,14,14,1824,1699,1.0,0.4263,160,0.0942,0.0877,1670.7
bonus3,11,12,14,14,1751,1699,1.0,0.4286,136,0.08,0.0777,2030.0
bonus3,11,13,14,14,1763,1699,1.0,0.3807,132,0.0777,0.0749,2122.9
bonus3,12,0,14,14,1726,1699,1.0,0.151,354,0.2084,0.2051,2688.9
bonus3,12,1,14,14,1838,1699,1.0,0.155,193,0.1136,0.105,18690.8
bonus3,12,2,14,14,1794,1699,1.0,0.2197,330,0.1942,0.1839,2878.9
bonus3,12,3,14,14,2138,1699,1.0,0.2324,218,0.1283,0.102,2513.0
bonus3,12,4,14,14,1757,1699,1.0,0.4299,266,0.1566,0.1514,2336.6
bonus3,12,5,14,14,1806,1699,1.0,0.4598,151,0.0889,0.0836,2007.5
bonus3,12,6,14,14,1753,1699,1.0,0.4688,226,0.133,0.1289,2186.1
bonus3,12,7,14,14,2184,1699,1.0,0.304,223,0.1313,0.1021,2161.5
bonus3,12,8,14,14,1856,1699,1.0,0.338,211,0.1242,0.1137,3928.6
bonus3,12,9,14,14,2060,1699,1.0,0.3396,231,0.136,0.1121,11661.9
bonus3,12,10,14,14,1996,1699,1.0,0.3516,203,0.1195,0.1017,1654.2
bonus3,12,11,14,14,1827,1699,1.0,0.41,165,0.0971,0.0903,2773.7
bonus3,12,12,14,14,1784,1699,1.0,0.4097,98,0.0577,0.0549,1591.0
bonus3,12,13,14,14,1786,1699,1.0,0.3628,159,0.0936,0.089,3982.0
bonus3,13,3,14,14,1735,1699,1.0,0.2513,253,0.1489,0.1458,2323.9
bonus3,13,4,14,14,1786,1699,1.0,0.2582,156,0.0918,0.0873,3167.8
bonus3,13,5,14,14,1754,1699,1.0,0.2905,121,0.0712,0.069,7909.1
bonus3,13,6,14,14,1761,1699,1.0,0.2969,108,0.0636,0.0613,2551.9
bonus3,13,7,14,14,1717,1699,1.0,0.3123,348,0.2048,0.2027,2606.1
bonus3,13,10,14,14,1706,1699,1.0,0.3602,219,0.1289,0.1284,2250.0
bonus3,13,11,14,14,1783,1699,1.0,0.3573,163,0.0959,0.0914,1995.8
bonus3,13,12,14,14,1784,1699,1.0,0.3579,134,0.0789,0.0751,1820.5
bonus3,13,13,14,14,1731,1699,1.0,0.3623,273,0.1607,0.1577,1719.2
